Temp(C),Resistance(ohm)
-55,963849
-54.95,960288.78
-54.9,956743.02
-54.85,953211.63
-54.8,949694.57
-54.75,946191.77
-54.7,942703.17
-54.65,939228.7
-54.6,935768.3
-54.55,932321.91
-54.5,928889.47
-54.45,925470.91
-54.4,922066.19
-54.35,918675.22
-54.3,915297.96
-54.25,911934.35
-54.2,908584.32
-54.15,905247.82
-54.1,901924.78
-54.05,898615.15
-54,895318.87
-53.95,892035.88
-53.9,888766.12
-53.85,885509.53
-53.8,882266.06
-53.75,879035.64
-53.7,875818.23
-53.65,872613.77
-53.6,869422.19
-53.55,866243.44
-53.5,863077.47
-53.45,859924.22
-53.4,856783.63
-53.35,853655.66
-53.3,850540.23
-53.25,847437.31
-53.2,844346.83
-53.15,841268.74
-53.1,838202.99
-53.05,835149.53
-53,832108.29
-52.95,829079.23
-52.9,826062.29
-52.85,823057.43
-52.8,820064.58
-52.75,817083.7
-52.7,814114.73
-52.65,811157.62
-52.6,808212.33
-52.55,805278.8
-52.5,802356.97
-52.45,799446.8
-52.4,796548.24
-52.35,793661.24
-52.3,790785.75
-52.25,787921.71
-52.2,785069.08
-52.15,782227.81
-52.1,779397.84
-52.05,776579.14
-52,773771.65
-51.95,770975.32
-51.9,768190.11
-51.85,765415.96
-51.8,762652.84
-51.75,759900.68
-51.7,757159.45
-51.65,754429.1
-51.6,751709.58
-51.55,749000.84
-51.5,746302.83
-51.45,743615.52
-51.4,740938.86
-51.35,738272.79
-51.3,735617.27
-51.25,732972.27
-51.2,730337.72
-51.15,727713.6
-51.1,725099.85
-51.05,722496.42
-51,719903.28
-50.95,717320.38
-50.9,714747.68
-50.85,712185.13
-50.8,709632.69
-50.75,707090.31
-50.7,704557.96
-50.65,702035.58
-50.6,699523.14
-50.55,697020.6
-50.5,694527.91
-50.45,692045.03
-50.4,689571.91
-50.35,687108.52
-50.3,684654.82
-50.25,682210.76
-50.2,679776.3
-50.15,677351.4
-50.1,674936.02
-50.05,672530.12
-50,670133.66
-49.95,667746.6
-49.9,665368.89
-49.85,663000.51
-49.8,660641.4
-49.75,658291.54
-49.7,655950.87
-49.65,653619.36
-49.6,651296.98
-49.55,648983.68
-49.5,646679.43
-49.45,644384.18
-49.4,642097.9
-49.35,639820.54
-49.3,637552.08
-49.25,635292.48
-49.2,633041.69
-49.15,630799.68
-49.1,628566.41
-49.05,626341.85
-49,624125.96
-48.95,621918.69
-48.9,619720.02
-48.85,617529.91
-48.8,615348.33
-48.75,613175.22
-48.7,611010.57
-48.65,608854.33
-48.6,606706.48
-48.55,604566.96
-48.5,602435.75
-48.45,600312.82
-48.4,598198.12
-48.35,596091.63
-48.3,593993.31
-48.25,591903.12
-48.2,589821.03
-48.15,587747.01
-48.1,585681.02
-48.05,583623.02
-48,581573
-47.95,579530.9
-47.9,577496.7
-47.85,575470.37
-47.8,573451.86
-47.75,571441.16
-47.7,569438.22
-47.65,567443.01
-47.6,565455.5
-47.55,563475.67
-47.5,561503.47
-47.45,559538.87
-47.4,557581.84
-47.35,555632.36
-47.3,553690.38
-47.25,551755.88
-47.2,549828.83
-47.15,547909.19
-47.1,545996.94
-47.05,544092.04
-47,542194.46
-46.95,540304.17
-46.9,538421.14
-46.85,536545.35
-46.8,534676.75
-46.75,532815.33
-46.7,530961.04
-46.65,529113.87
-46.6,527273.78
-46.55,525440.74
-46.5,523614.72
-46.45,521795.69
-46.4,519983.63
-46.35,518178.5
-46.3,516380.28
-46.25,514588.94
-46.2,512804.44
-46.15,511026.77
-46.1,509255.88
-46.05,507491.76
-46,505734.38
-45.95,503983.7
-45.9,502239.7
-45.85,500502.35
-45.8,498771.63
-45.75,497047.51
-45.7,495329.95
-45.65,493618.93
-45.6,491914.44
-45.55,490216.42
-45.5,488524.87
-45.45,486839.76
-45.4,485161.05
-45.35,483488.72
-45.3,481822.75
-45.25,480163.11
-45.2,478509.77
-45.15,476862.7
-45.1,475221.89
-45.05,473587.3
-45,471958.91
-44.95,470336.69
-44.9,468720.62
-44.85,467110.67
-44.8,465506.82
-44.75,463909.04
-44.7,462317.31
-44.65,460731.6
-44.6,459151.89
-44.55,457578.15
-44.5,456010.36
-44.45,454448.5
-44.4,452892.53
-44.35,451342.44
-44.3,449798.19
-44.25,448259.78
-44.2,446727.17
-44.15,445200.34
-44.1,443679.26
-44.05,442163.91
-44,440654.27
-43.95,439150.32
-43.9,437652.03
-43.85,436159.38
-43.8,434672.34
-43.75,433190.9
-43.7,431715.02
-43.65,430244.69
-43.6,428779.88
-43.55,427320.58
-43.5,425866.75
-43.45,424418.38
-43.4,422975.45
-43.35,421537.93
-43.3,420105.79
-43.25,418679.03
-43.2,417257.61
-43.15,415841.51
-43.1,414430.72
-43.05,413025.21
-43,411624.95
-42.95,410229.94
-42.9,408840.14
-42.85,407455.53
-42.8,406076.1
-42.75,404701.83
-42.7,403332.68
-42.65,401968.65
-42.6,400609.7
-42.55,399255.83
-42.5,397907.01
-42.45,396563.21
-42.4,395224.42
-42.35,393890.62
-42.3,392561.79
-42.25,391237.91
-42.2,389918.95
-42.15,388604.9
-42.1,387295.74
-42.05,385991.44
-42,384692
-41.95,383397.38
-41.9,382107.57
-41.85,380822.55
-41.8,379542.3
-41.75,378266.8
-41.7,376996.03
-41.65,375729.98
-41.6,374468.62
-41.55,373211.93
-41.5,371959.9
-41.45,370712.51
-41.4,369469.73
-41.35,368231.55
-41.3,366997.96
-41.25,365768.92
-41.2,364544.43
-41.15,363324.47
-41.1,362109.01
-41.05,360898.05
-41,359691.55
-40.95,358489.51
-40.9,357291.9
-40.85,356098.72
-40.8,354909.93
-40.75,353725.52
-40.7,352545.48
-40.65,351369.78
-40.6,350198.42
-40.55,349031.37
-40.5,347868.61
-40.45,346710.13
-40.4,345555.91
-40.35,344405.93
-40.3,343260.18
-40.25,342118.64
-40.2,340981.3
-40.15,339848.13
-40.1,338719.11
-40.05,337594.24
-40,336473.5
-39.95,335356.87
-39.9,334244.33
-39.85,333135.86
-39.8,332031.46
-39.75,330931.1
-39.7,329834.77
-39.65,328742.45
-39.6,327654.13
-39.55,326569.79
-39.5,325489.41
-39.45,324412.98
-39.4,323340.49
-39.35,322271.91
-39.3,321207.23
-39.25,320146.44
-39.2,319089.52
-39.15,318036.45
-39.1,316987.22
-39.05,315941.82
-39,314900.23
-38.95,313862.43
-38.9,312828.41
-38.85,311798.16
-38.8,310771.65
-38.75,309748.88
-38.7,308729.83
-38.65,307714.48
-38.6,306702.83
-38.55,305694.85
-38.5,304690.53
-38.45,303689.85
-38.4,302692.81
-38.35,301699.39
-38.3,300709.57
-38.25,299723.34
-38.2,298740.68
-38.15,297761.58
-38.1,296786.04
-38.05,295814.02
-38,294845.52
-37.95,293880.53
-37.9,292919.03
-37.85,291961.01
-37.8,291006.44
-37.75,290055.33
-37.7,289107.66
-37.65,288163.41
-37.6,287222.57
-37.55,286285.12
-37.5,285351.06
-37.45,284420.36
-37.4,283493.02
-37.35,282569.03
-37.3,281648.36
-37.25,280731.01
-37.2,279816.97
-37.15,278906.21
-37.1,277998.73
-37.05,277094.52
-37,276193.56
-36.95,275295.84
-36.9,274401.34
-36.85,273510.06
-36.8,272621.98
-36.75,271737.09
-36.7,270855.37
-36.65,269976.82
-36.6,269101.42
-36.55,268229.16
-36.5,267360.03
-36.45,266494.01
-36.4,265631.09
-36.35,264771.27
-36.3,263914.52
-36.25,263060.84
-36.2,262210.21
-36.15,261362.62
-36.1,260518.07
-36.05,259676.53
-36,258838
-35.95,258002.47
-35.9,257169.91
-35.85,256340.34
-35.8,255513.72
-35.75,254690.05
-35.7,253869.31
-35.65,253051.51
-35.6,252236.61
-35.55,251424.62
-35.5,250615.53
-35.45,249809.31
-35.4,249005.96
-35.35,248205.47
-35.3,247407.83
-35.25,246613.03
-35.2,245821.05
-35.15,245031.88
-35.1,244245.52
-35.05,243461.95
-35,242681.16
-34.95,241903.14
-34.9,241127.88
-34.85,240355.37
-34.8,239585.6
-34.75,238818.56
-34.7,238054.24
-34.65,237292.62
-34.6,236533.7
-34.55,235777.46
-34.5,235023.91
-34.45,234273.01
-34.4,233524.78
-34.35,232779.18
-34.3,232036.23
-34.25,231295.89
-34.2,230558.17
-34.15,229823.06
-34.1,229090.54
-34.05,228360.61
-34,227633.25
-33.95,226908.45
-33.9,226186.21
-33.85,225466.51
-33.8,224749.35
-33.75,224034.71
-33.7,223322.59
-33.65,222612.98
-33.6,221905.86
-33.55,221201.23
-33.5,220499.07
-33.45,219799.39
-33.4,219102.16
-33.35,218407.38
-33.3,217715.04
-33.25,217025.13
-33.2,216337.64
-33.15,215652.56
-33.1,214969.89
-33.05,214289.6
-33,213611.71
-32.95,212936.18
-32.9,212263.02
-32.85,211592.22
-32.8,210923.77
-32.75,210257.65
-32.7,209593.87
-32.65,208932.4
-32.6,208273.25
-32.55,207616.4
-32.5,206961.85
-32.45,206309.58
-32.4,205659.58
-32.35,205011.86
-32.3,204366.39
-32.25,203723.18
-32.2,203082.21
-32.15,202443.47
-32.1,201806.96
-32.05,201172.66
-32,200540.58
-31.95,199910.69
-31.9,199283
-31.85,198657.48
-31.8,198034.15
-31.75,197412.98
-31.7,196793.97
-31.65,196177.11
-31.6,195562.39
-31.55,194949.81
-31.5,194339.35
-31.45,193731.01
-31.4,193124.78
-31.35,192520.65
-31.3,191918.62
-31.25,191318.67
-31.2,190720.8
-31.15,190125
-31.1,189531.26
-31.05,188939.58
-31,188349.94
-30.95,187762.35
-30.9,187176.78
-30.85,186593.24
-30.8,186011.72
-30.75,185432.2
-30.7,184854.69
-30.65,184279.16
-30.6,183705.63
-30.55,183134.07
-30.5,182564.49
-30.45,181996.86
-30.4,181431.2
-30.35,180867.48
-30.3,180305.7
-30.25,179745.86
-30.2,179187.95
-30.15,178631.95
-30.1,178077.87
-30.05,177525.69
-30,176975.41
-29.95,176427.02
-29.9,175880.52
-29.85,175335.89
-29.8,174793.13
-29.75,174252.24
-29.7,173713.2
-29.65,173176.01
-29.6,172640.66
-29.55,172107.14
-29.5,171575.46
-29.45,171045.59
-29.4,170517.54
-29.35,169991.3
-29.3,169466.86
-29.25,168944.21
-29.2,168423.35
-29.15,167904.27
-29.1,167386.96
-29.05,166871.43
-29,166357.65
-28.95,165845.63
-28.9,165335.35
-28.85,164826.82
-28.8,164320.02
-28.75,163814.95
-28.7,163311.6
-28.65,162809.97
-28.6,162310.04
-28.55,161811.82
-28.5,161315.3
-28.45,160820.46
-28.4,160327.31
-28.35,159835.84
-28.3,159346.03
-28.25,158857.9
-28.2,158371.42
-28.15,157886.59
-28.1,157403.41
-28.05,156921.87
-28,156441.97
-27.95,155963.69
-27.9,155487.04
-27.85,155012
-27.8,154538.57
-27.75,154066.75
-27.7,153596.52
-27.65,153127.89
-27.6,152660.84
-27.55,152195.38
-27.5,151731.49
-27.45,151269.16
-27.4,150808.4
-27.35,150349.2
-27.3,149891.55
-27.25,149435.45
-27.2,148980.89
-27.15,148527.86
-27.1,148076.36
-27.05,147626.38
-27,147177.92
-26.95,146730.97
-26.9,146285.53
-26.85,145841.59
-26.8,145399.15
-26.75,144958.19
-26.7,144518.72
-26.65,144080.73
-26.6,143644.21
-26.55,143209.16
-26.5,142775.57
-26.45,142343.44
-26.4,141912.76
-26.35,141483.53
-26.3,141055.74
-26.25,140629.38
-26.2,140204.46
-26.15,139780.96
-26.1,139358.88
-26.05,138938.22
-26,138518.96
-25.95,138101.11
-25.9,137684.67
-25.85,137269.61
-25.8,136855.94
-25.75,136443.66
-25.7,136032.76
-25.65,135623.23
-25.6,135215.07
-25.55,134808.27
-25.5,134402.84
-25.45,133998.75
-25.4,133596.02
-25.35,133194.63
-25.3,132794.58
-25.25,132395.86
-25.2,131998.48
-25.15,131602.42
-25.1,131207.67
-25.05,130814.25
-25,130422.13
-24.95,130031.32
-24.9,129641.81
-24.85,129253.6
-24.8,128866.67
-24.75,128481.04
-24.7,128096.68
-24.65,127713.6
-24.6,127331.8
-24.55,126951.26
-24.5,126571.99
-24.45,126193.97
-24.4,125817.21
-24.35,125441.7
-24.3,125067.44
-24.25,124694.41
-24.2,124322.62
-24.15,123952.06
-24.1,123582.73
-24.05,123214.63
-24,122847.74
-23.95,122482.06
-23.9,122117.59
-23.85,121754.33
-23.8,121392.27
-23.75,121031.41
-23.7,120671.74
-23.65,120313.25
-23.6,119955.95
-23.55,119599.83
-23.5,119244.88
-23.45,118891.11
-23.4,118538.5
-23.35,118187.05
-23.3,117836.76
-23.25,117487.62
-23.2,117139.64
-23.15,116792.8
-23.1,116447.1
-23.05,116102.54
-23,115759.11
-22.95,115416.81
-22.9,115075.64
-22.85,114735.58
-22.8,114396.65
-22.75,114058.82
-22.7,113722.11
-22.65,113386.5
-22.6,113051.99
-22.55,112718.58
-22.5,112386.26
-22.45,112055.03
-22.4,111724.89
-22.35,111395.83
-22.3,111067.84
-22.25,110740.93
-22.2,110415.09
-22.15,110090.32
-22.1,109766.61
-22.05,109443.95
-22,109122.35
-21.95,108801.8
-21.9,108482.3
-21.85,108163.84
-21.8,107846.42
-21.75,107530.04
-21.7,107214.69
-21.65,106900.37
-21.6,106587.07
-21.55,106274.79
-21.5,105963.53
-21.45,105653.29
-21.4,105344.05
-21.35,105035.82
-21.3,104728.6
-21.25,104422.37
-21.2,104117.14
-21.15,103812.9
-21.1,103509.65
-21.05,103207.39
-21,102906.11
-20.95,102605.81
-20.9,102306.48
-20.85,102008.12
-20.8,101710.73
-20.75,101414.31
-20.7,101118.84
-20.65,100824.34
-20.6,100530.79
-20.55,100238.18
-20.5,99946.53
-20.45,99655.82
-20.4,99366.05
-20.35,99077.22
-20.3,98789.33
-20.25,98502.36
-20.2,98216.32
-20.15,97931.21
-20.1,97647.01
-20.05,97363.74
-20,97081.38
-19.95,96799.93
-19.9,96519.38
-19.85,96239.75
-19.8,95961.01
-19.75,95683.17
-19.7,95406.23
-19.65,95130.18
-19.6,94855.02
-19.55,94580.75
-19.5,94307.35
-19.45,94034.84
-19.4,93763.2
-19.35,93492.44
-19.3,93222.55
-19.25,92953.52
-19.2,92685.36
-19.15,92418.06
-19.1,92151.62
-19.05,91886.03
-19,91621.3
-18.95,91357.41
-18.9,91094.37
-18.85,90832.17
-18.8,90570.82
-18.75,90310.3
-18.7,90050.61
-18.65,89791.76
-18.6,89533.73
-18.55,89276.53
-18.5,89020.16
-18.45,88764.6
-18.4,88509.86
-18.35,88255.93
-18.3,88002.82
-18.25,87750.51
-18.2,87499.01
-18.15,87248.31
-18.1,86998.41
-18.05,86749.31
-18,86501
-17.95,86253.48
-17.9,86006.76
-17.85,85760.82
-17.8,85515.66
-17.75,85271.28
-17.7,85027.68
-17.65,84784.85
-17.6,84542.8
-17.55,84301.52
-17.5,84061
-17.45,83821.25
-17.4,83582.26
-17.35,83344.03
-17.3,83106.56
-17.25,82869.84
-17.2,82633.87
-17.15,82398.65
-17.1,82164.17
-17.05,81930.44
-17,81697.45
-16.95,81465.19
-16.9,81233.68
-16.85,81002.89
-16.8,80772.84
-16.75,80543.51
-16.7,80314.91
-16.65,80087.03
-16.6,79859.88
-16.55,79633.44
-16.5,79407.71
-16.45,79182.7
-16.4,78958.4
-16.35,78734.81
-16.3,78511.92
-16.25,78289.74
-16.2,78068.26
-16.15,77847.47
-16.1,77627.38
-16.05,77407.99
-16,77189.28
-15.95,76971.27
-15.9,76753.94
-15.85,76537.29
-15.8,76321.33
-15.75,76106.04
-15.7,75891.43
-15.65,75677.5
-15.6,75464.24
-15.55,75251.65
-15.5,75039.72
-15.45,74828.46
-15.4,74617.87
-15.35,74407.93
-15.3,74198.65
-15.25,73990.03
-15.2,73782.07
-15.15,73574.75
-15.1,73368.09
-15.05,73162.07
-15,72956.7
-14.95,72751.96
-14.9,72547.87
-14.85,72344.42
-14.8,72141.61
-14.75,71939.43
-14.7,71737.88
-14.65,71536.96
-14.6,71336.66
-14.55,71137
-14.5,70937.95
-14.45,70739.53
-14.4,70541.72
-14.35,70344.54
-14.3,70147.96
-14.25,69952
-14.2,69756.65
-14.15,69561.91
-14.1,69367.78
-14.05,69174.25
-14,68981.32
-13.95,68788.99
-13.9,68597.26
-13.85,68406.13
-13.8,68215.59
-13.75,68025.64
-13.7,67836.28
-13.65,67647.51
-13.6,67459.32
-13.55,67271.72
-13.5,67084.71
-13.45,66898.27
-13.4,66712.41
-13.35,66527.12
-13.3,66342.41
-13.25,66158.27
-13.2,65974.71
-13.15,65791.71
-13.1,65609.27
-13.05,65427.4
-13,65246.1
-12.95,65065.35
-12.9,64885.17
-12.85,64705.53
-12.8,64526.46
-12.75,64347.94
-12.7,64169.97
-12.65,63992.54
-12.6,63815.67
-12.55,63639.34
-12.5,63463.55
-12.45,63288.31
-12.4,63113.61
-12.35,62939.44
-12.3,62765.81
-12.25,62592.72
-12.2,62420.16
-12.15,62248.13
-12.1,62076.62
-12.05,61905.65
-12,61735.2
-11.95,61565.28
-11.9,61395.88
-11.85,61226.99
-11.8,61058.63
-11.75,60890.78
-11.7,60723.45
-11.65,60556.63
-11.6,60390.32
-11.55,60224.53
-11.5,60059.24
-11.45,59894.46
-11.4,59730.18
-11.35,59566.4
-11.3,59403.13
-11.25,59240.36
-11.2,59078.08
-11.15,58916.3
-11.1,58755.02
-11.05,58594.23
-11,58433.93
-10.95,58274.11
-10.9,58114.79
-10.85,57955.96
-10.8,57797.6
-10.75,57639.74
-10.7,57482.35
-10.65,57325.44
-10.6,57169.01
-10.55,57013.06
-10.5,56857.59
-10.45,56702.58
-10.4,56548.05
-10.35,56393.99
-10.3,56240.4
-10.25,56087.27
-10.2,55934.61
-10.15,55782.42
-10.1,55630.69
-10.05,55479.41
-10,55328.6
-9.95,55178.25
-9.9,55028.35
-9.85,54878.91
-9.8,54729.92
-9.75,54581.38
-9.7,54433.29
-9.65,54285.65
-9.6,54138.46
-9.55,53991.72
-9.5,53845.42
-9.45,53699.56
-9.4,53554.14
-9.35,53409.17
-9.3,53264.63
-9.25,53120.53
-9.2,52976.86
-9.15,52833.63
-9.1,52690.83
-9.05,52548.47
-9,52406.53
-8.95,52265.02
-8.9,52123.94
-8.85,51983.28
-8.8,51843.05
-8.75,51703.24
-8.7,51563.85
-8.65,51424.88
-8.6,51286.33
-8.55,51148.2
-8.5,51010.49
-8.45,50873.18
-8.4,50736.29
-8.35,50599.82
-8.3,50463.75
-8.25,50328.09
-8.2,50192.84
-8.15,50058
-8.1,49923.56
-8.05,49789.52
-8,49655.89
-7.95,49522.66
-7.9,49389.83
-7.85,49257.39
-7.8,49125.35
-7.75,48993.71
-7.7,48862.47
-7.65,48731.61
-7.6,48601.15
-7.55,48471.08
-7.5,48341.39
-7.45,48212.1
-7.4,48083.19
-7.35,47954.67
-7.3,47826.53
-7.25,47698.77
-7.2,47571.4
-7.15,47444.41
-7.1,47317.79
-7.05,47191.56
-7,47065.7
-6.95,46940.21
-6.9,46815.1
-6.85,46690.36
-6.8,46566
-6.75,46442
-6.7,46318.38
-6.65,46195.12
-6.6,46072.23
-6.55,45949.7
-6.5,45827.54
-6.45,45705.74
-6.4,45584.31
-6.35,45463.23
-6.3,45342.52
-6.25,45222.16
-6.2,45102.16
-6.15,44982.52
-6.1,44863.23
-6.05,44744.3
-6,44625.72
-5.95,44507.49
-5.9,44389.61
-5.85,44272.08
-5.8,44154.89
-5.75,44038.06
-5.7,43921.57
-5.65,43805.43
-5.6,43689.63
-5.55,43574.17
-5.5,43459.05
-5.45,43344.28
-5.4,43229.84
-5.35,43115.74
-5.3,43001.98
-5.25,42888.55
-5.2,42775.46
-5.15,42662.7
-5.1,42550.28
-5.05,42438.19
-5,42326.42
-4.95,42214.99
-4.9,42103.88
-4.85,41993.11
-4.8,41882.65
-4.75,41772.53
-4.7,41662.73
-4.65,41553.25
-4.6,41444.09
-4.55,41335.25
-4.5,41226.74
-4.45,41118.54
-4.4,41010.66
-4.35,40903.1
-4.3,40795.85
-4.25,40688.92
-4.2,40582.3
-4.15,40476
-4.1,40370
-4.05,40264.32
-4,40158.95
-3.95,40053.88
-3.9,39949.12
-3.85,39844.67
-3.8,39740.53
-3.75,39636.69
-3.7,39533.15
-3.65,39429.92
-3.6,39326.99
-3.55,39224.36
-3.5,39122.03
-3.45,39020
-3.4,38918.27
-3.35,38816.83
-3.3,38715.69
-3.25,38614.85
-3.2,38514.29
-3.15,38414.04
-3.1,38314.07
-3.05,38214.4
-3,38115.02
-2.95,38015.92
-2.9,37917.12
-2.85,37818.6
-2.8,37720.37
-2.75,37622.42
-2.7,37524.76
-2.65,37427.39
-2.6,37330.29
-2.55,37233.48
-2.5,37136.95
-2.45,37040.7
-2.4,36944.73
-2.35,36849.04
-2.3,36753.63
-2.25,36658.49
-2.2,36563.63
-2.15,36469.04
-2.1,36374.73
-2.05,36280.69
-2,36186.93
-1.95,36093.43
-1.9,36000.21
-1.85,35907.25
-1.8,35814.57
-1.75,35722.15
-1.7,35630
-1.65,35538.12
-1.6,35446.5
-1.55,35355.14
-1.5,35264.06
-1.45,35173.23
-1.4,35082.66
-1.35,34992.36
-1.3,34902.32
-1.25,34812.54
-1.2,34723.01
-1.15,34633.75
-1.1,34544.74
-1.05,34455.99
-1,34366.5
-0.95,34278.3
-0.9,34190.36
-0.85,34102.68
-0.8,34015.24
-0.75,33928.06
-0.7,33841.13
-0.65,33754.45
-0.6,33668.02
-0.55,33581.83
-0.5,33495.9
-0.45,33410.21
-0.4,33324.77
-0.35,33239.57
-0.3,33154.62
-0.25,33069.91
-0.2,32985.44
-0.15,32901.22
-0.1,32817.24
-0.05,32733.5
0,32650
0.05,32566.74
0.1,32483.72
0.15,32400.93
0.2,32318.38
0.25,32236.07
0.3,32154
0.35,32072.16
0.4,31990.55
0.45,31909.18
0.5,31828.03
0.55,31747.12
0.6,31666.45
0.65,31586
0.7,31505.78
0.75,31425.79
0.8,31346.03
0.85,31266.5
0.9,31187.19
0.95,31108.11
1,31029.25
1.05,30950.62
1.1,30872.22
1.15,30794.03
1.2,30716.07
1.25,30638.33
1.3,30560.81
1.35,30483.52
1.4,30406.44
1.45,30329.58
1.5,30252.94
1.55,30176.52
1.6,30100.31
1.65,30024.32
1.7,29948.55
1.75,29872.99
1.8,29797.64
1.85,29722.51
1.9,29647.59
1.95,29572.89
2,29498.39
2.05,29424.11
2.1,29350.04
2.15,29276.18
2.2,29202.52
2.25,29129.08
2.3,29055.84
2.35,28982.81
2.4,28909.98
2.45,28837.36
2.5,28764.95
2.55,28692.74
2.6,28620.73
2.65,28548.93
2.7,28477.33
2.75,28405.93
2.8,28334.74
2.85,28263.74
2.9,28192.94
2.95,28122.35
3,28051.95
3.05,27981.75
3.1,27911.75
3.15,27841.94
3.2,27772.34
3.25,27702.92
3.3,27633.7
3.35,27564.68
3.4,27495.85
3.45,27427.22
3.5,27358.77
3.55,27290.52
3.6,27222.46
3.65,27154.59
3.7,27086.91
3.75,27019.43
3.8,26952.13
3.85,26885.02
3.9,26818.09
3.95,26751.36
4,26684.81
4.05,26618.45
4.1,26552.27
4.15,26486.28
4.2,26420.47
4.25,26354.85
4.3,26289.41
4.35,26224.15
4.4,26159.08
4.45,26094.18
4.5,26029.47
4.55,25964.94
4.6,25900.59
4.65,25836.42
4.7,25772.42
4.75,25708.61
4.8,25644.97
4.85,25581.51
4.9,25518.23
4.95,25455.13
5,25392.19
5.05,25329.44
5.1,25266.86
5.15,25204.45
5.2,25142.22
5.25,25080.16
5.3,25018.27
5.35,24956.55
5.4,24895.01
5.45,24833.63
5.5,24772.43
5.55,24711.39
5.6,24650.53
5.65,24589.83
5.7,24529.31
5.75,24468.95
5.8,24408.75
5.85,24348.73
5.9,24288.87
5.95,24229.17
6,24169.64
6.05,24110.28
6.1,24051.08
6.15,23992.04
6.2,23933.17
6.25,23874.46
6.3,23815.91
6.35,23757.52
6.4,23699.3
6.45,23641.23
6.5,23583.33
6.55,23525.58
6.6,23468
6.65,23410.57
6.7,23353.3
6.75,23296.19
6.8,23239.23
6.85,23182.44
6.9,23125.8
6.95,23069.31
7,23012.98
7.05,22956.81
7.1,22900.79
7.15,22844.92
7.2,22789.21
7.25,22733.65
7.3,22678.24
7.35,22622.99
7.4,22567.88
7.45,22512.93
7.5,22458.13
7.55,22403.48
7.6,22348.98
7.65,22294.63
7.7,22240.42
7.75,22186.37
7.8,22132.46
7.85,22078.7
7.9,22025.09
7.95,21971.63
8,21918.31
8.05,21865.13
8.1,21812.11
8.15,21759.22
8.2,21706.48
8.25,21653.89
8.3,21601.44
8.35,21549.13
8.4,21496.97
8.45,21444.94
8.5,21393.06
8.55,21341.32
8.6,21289.73
8.65,21238.27
8.7,21186.95
8.75,21135.77
8.8,21084.73
8.85,21033.83
8.9,20983.07
8.95,20932.45
9,20881.97
9.05,20831.62
9.1,20781.41
9.15,20731.33
9.2,20681.39
9.25,20631.59
9.3,20581.92
9.35,20532.39
9.4,20482.99
9.45,20433.72
9.5,20384.59
9.55,20335.59
9.6,20286.73
9.65,20238
9.7,20189.39
9.75,20140.93
9.8,20092.59
9.85,20044.38
9.9,19996.3
9.95,19948.36
10,19900.54
10.05,19852.85
10.1,19805.29
10.15,19757.86
10.2,19710.56
10.25,19663.38
10.3,19616.33
10.35,19569.41
10.4,19522.62
10.45,19475.95
10.5,19429.41
10.55,19382.99
10.6,19336.7
10.65,19290.53
10.7,19244.49
10.75,19198.57
10.8,19152.78
10.85,19107.1
10.9,19061.56
10.95,19016.13
11,18970.82
11.05,18925.64
11.1,18880.58
11.15,18835.64
11.2,18790.82
11.25,18746.12
11.3,18701.54
11.35,18657.08
11.4,18612.74
11.45,18568.52
11.5,18524.41
11.55,18480.43
11.6,18436.56
11.65,18392.81
11.7,18349.18
11.75,18305.66
11.8,18262.26
11.85,18218.98
11.9,18175.81
11.95,18132.76
12,18089.82
12.05,18047
12.1,18004.29
12.15,17961.7
12.2,17919.22
12.25,17876.85
12.3,17834.6
12.35,17792.46
12.4,17750.43
12.45,17708.51
12.5,17666.71
12.55,17625.01
12.6,17583.43
12.65,17541.96
12.7,17500.6
12.75,17459.35
12.8,17418.2
12.85,17377.17
12.9,17336.25
12.95,17295.43
13,17254.73
13.05,17214.13
13.1,17173.64
13.15,17133.26
13.2,17092.98
13.25,17052.82
13.3,17012.75
13.35,16972.8
13.4,16932.95
13.45,16893.2
13.5,16853.57
13.55,16814.03
13.6,16774.6
13.65,16735.28
13.7,16696.06
13.75,16656.94
13.8,16617.93
13.85,16579.02
13.9,16540.21
13.95,16501.51
14,16462.9
14.05,16424.4
14.1,16386.01
14.15,16347.71
14.2,16309.51
14.25,16271.42
14.3,16233.42
14.35,16195.53
14.4,16157.73
14.45,16120.04
14.5,16082.44
14.55,16044.94
14.6,16007.55
14.65,15970.25
14.7,15933.04
14.75,15895.94
14.8,15858.94
14.85,15822.03
14.9,15785.21
14.95,15748.5
15,15711.88
15.05,15675.36
15.1,15638.93
15.15,15602.6
15.2,15566.37
15.25,15530.23
15.3,15494.18
15.35,15458.23
15.4,15422.37
15.45,15386.61
15.5,15350.94
15.55,15315.37
15.6,15279.88
15.65,15244.49
15.7,15209.2
15.75,15173.99
15.8,15138.88
15.85,15103.86
15.9,15068.93
15.95,15034.09
16,14999.34
16.05,14964.69
16.1,14930.12
16.15,14895.65
16.2,14861.26
16.25,14826.97
16.3,14792.76
16.35,14758.64
16.4,14724.61
16.45,14690.67
16.5,14656.82
16.55,14623.06
16.6,14589.38
16.65,14555.8
16.7,14522.3
16.75,14488.88
16.8,14455.56
16.85,14422.32
16.9,14389.17
16.95,14356.1
17,14323.12
17.05,14290.22
17.1,14257.41
17.15,14224.69
17.2,14192.05
17.25,14159.49
17.3,14127.02
17.35,14094.64
17.4,14062.33
17.45,14030.12
17.5,13997.98
17.55,13965.93
17.6,13933.96
17.65,13902.07
17.7,13870.27
17.75,13838.55
17.8,13806.91
17.85,13775.35
17.9,13743.87
17.95,13712.48
18,13681.17
18.05,13649.93
18.1,13618.78
18.15,13587.71
18.2,13556.72
18.25,13525.81
18.3,13494.97
18.35,13464.22
18.4,13433.55
18.45,13402.95
18.5,13372.44
18.55,13342
18.6,13311.64
18.65,13281.36
18.7,13251.16
18.75,13221.04
18.8,13190.99
18.85,13161.02
18.9,13131.13
18.95,13101.31
19,13071.57
19.05,13041.91
19.1,13012.32
19.15,12982.81
19.2,12953.37
19.25,12924.01
19.3,12894.73
19.35,12865.52
19.4,12836.38
19.45,12807.33
19.5,12778.34
19.55,12749.43
19.6,12720.59
19.65,12691.83
19.7,12663.14
19.75,12634.52
19.8,12605.98
19.85,12577.51
19.9,12549.11
19.95,12520.79
20,12492.53
20.05,12464.35
20.1,12436.24
20.15,12408.21
20.2,12380.24
20.25,12352.35
20.3,12324.52
20.35,12296.77
20.4,12269.09
20.45,12241.48
20.5,12213.94
20.55,12186.47
20.6,12159.07
20.65,12131.74
20.7,12104.48
20.75,12077.29
20.8,12050.17
20.85,12023.11
20.9,11996.13
20.95,11969.21
21,11942.36
21.05,11915.58
21.1,11888.87
21.15,11862.23
21.2,11835.65
21.25,11809.14
21.3,11782.7
21.35,11756.33
21.4,11730.02
21.45,11703.78
21.5,11677.6
21.55,11651.5
21.6,11625.45
21.65,11599.48
21.7,11573.57
21.75,11547.72
21.8,11521.94
21.85,11496.23
21.9,11470.58
21.95,11445
22,11419.48
22.05,11394.02
22.1,11368.63
22.15,11343.3
22.2,11318.04
22.25,11292.84
22.3,11267.7
22.35,11242.63
22.4,11217.62
22.45,11192.67
22.5,11167.79
22.55,11142.97
22.6,11118.21
22.65,11093.52
22.7,11068.88
22.75,11044.31
22.8,11019.8
22.85,10995.35
22.9,10970.96
22.95,10946.64
23,10922.37
23.05,10898.17
23.1,10874.03
23.15,10849.94
23.2,10825.92
23.25,10801.96
23.3,10778.06
23.35,10754.22
23.4,10730.44
23.45,10706.71
23.5,10683.05
23.55,10659.45
23.6,10635.9
23.65,10612.42
23.7,10588.99
23.75,10565.62
23.8,10542.31
23.85,10519.06
23.9,10495.87
23.95,10472.73
24,10449.66
24.05,10426.64
24.1,10403.67
24.15,10380.77
24.2,10357.92
24.25,10335.13
24.3,10312.4
24.35,10289.72
24.4,10267.1
24.45,10244.53
24.5,10222.02
24.55,10199.57
24.6,10177.18
24.65,10154.84
24.7,10132.55
24.75,10110.32
24.8,10088.15
24.85,10066.03
24.9,10043.96
24.95,10021.95
25,10000
25.05,9978.1
25.1,9956.25
25.15,9934.46
25.2,9912.73
25.25,9891.04
25.3,9869.41
25.35,9847.84
25.4,9826.31
25.45,9804.85
25.5,9783.43
25.55,9762.07
25.6,9740.76
25.65,9719.5
25.7,9698.29
25.75,9677.14
25.8,9656.04
25.85,9634.99
25.9,9614
25.95,9593.06
26,9572.16
26.05,9551.32
26.1,9530.53
26.15,9509.8
26.2,9489.11
26.25,9468.48
26.3,9447.89
26.35,9427.36
26.4,9406.87
26.45,9386.44
26.5,9366.06
26.55,9345.73
26.6,9325.45
26.65,9305.21
26.7,9285.03
26.75,9264.9
26.8,9244.82
26.85,9224.78
26.9,9204.8
26.95,9184.86
27,9164.98
27.05,9145.14
27.1,9125.35
27.15,9105.61
27.2,9085.92
27.25,9066.28
27.3,9046.68
27.35,9027.13
27.4,9007.64
27.45,8988.18
27.5,8968.78
27.55,8949.42
27.6,8930.12
27.65,8910.85
27.7,8891.64
27.75,8872.47
27.8,8853.35
27.85,8834.28
27.9,8815.25
27.95,8796.27
28,8777.34
28.05,8758.45
28.1,8739.61
28.15,8720.81
28.2,8702.06
28.25,8683.36
28.3,8664.7
28.35,8646.09
28.4,8627.52
28.45,8609
28.5,8590.52
28.55,8572.09
28.6,8553.7
28.65,8535.36
28.7,8517.06
28.75,8498.81
28.8,8480.6
28.85,8462.44
28.9,8444.32
28.95,8426.24
29,8408.21
29.05,8390.22
29.1,8372.28
29.15,8354.38
29.2,8336.52
29.25,8318.7
29.3,8300.93
29.35,8283.21
29.4,8265.52
29.45,8247.88
29.5,8230.28
29.55,8212.72
29.6,8195.21
29.65,8177.74
29.7,8160.31
29.75,8142.92
29.8,8125.58
29.85,8108.27
29.9,8091.01
29.95,8073.79
30,8056.61
30.05,8039.48
30.1,8022.38
30.15,8005.33
30.2,7988.32
30.25,7971.35
30.3,7954.42
30.35,7937.53
30.4,7920.68
30.45,7903.87
30.5,7887.1
30.55,7870.37
30.6,7853.69
30.65,7837.04
30.7,7820.43
30.75,7803.87
30.8,7787.34
30.85,7770.85
30.9,7754.41
30.95,7738
31,7721.63
31.05,7705.3
31.1,7689.01
31.15,7672.76
31.2,7656.55
31.25,7640.38
31.3,7624.24
31.35,7608.15
31.4,7592.09
31.45,7576.07
31.5,7560.09
31.55,7544.15
31.6,7528.25
31.65,7512.39
31.7,7496.56
31.75,7480.77
31.8,7465.02
31.85,7449.31
31.9,7433.63
31.95,7417.99
32,7402.39
32.05,7386.83
32.1,7371.3
32.15,7355.81
32.2,7340.36
32.25,7324.94
32.3,7309.56
32.35,7294.22
32.4,7278.92
32.45,7263.65
32.5,7248.42
32.55,7233.22
32.6,7218.06
32.65,7202.94
32.7,7187.85
32.75,7172.8
32.8,7157.78
32.85,7142.8
32.9,7127.86
32.95,7112.95
33,7098.07
33.05,7083.24
33.1,7068.43
33.15,7053.67
33.2,7038.93
33.25,7024.24
33.3,7009.57
33.35,6994.95
33.4,6980.35
33.45,6965.79
33.5,6951.27
33.55,6936.78
33.6,6922.33
33.65,6907.9
33.7,6893.52
33.75,6879.17
33.8,6864.85
33.85,6850.56
33.9,6836.31
33.95,6822.09
34,6807.91
34.05,6793.76
34.1,6779.64
34.15,6765.56
34.2,6751.51
34.25,6737.49
34.3,6723.51
34.35,6709.56
34.4,6695.64
34.45,6681.76
34.5,6667.91
34.55,6654.09
34.6,6640.3
34.65,6626.55
34.7,6612.82
34.75,6599.14
34.8,6585.48
34.85,6571.85
34.9,6558.26
34.95,6544.7
35,6531.17
35.05,6517.67
35.1,6504.21
35.15,6490.77
35.2,6477.37
35.25,6464
35.3,6450.66
35.35,6437.35
35.4,6424.08
35.45,6410.83
35.5,6397.62
35.55,6384.43
35.6,6371.28
35.65,6358.16
35.7,6345.07
35.75,6332.01
35.8,6318.98
35.85,6305.98
35.9,6293.01
35.95,6280.07
36,6267.17
36.05,6254.29
36.1,6241.44
36.15,6228.62
36.2,6215.83
36.25,6203.08
36.3,6190.35
36.35,6177.65
36.4,6164.98
36.45,6152.34
36.5,6139.73
36.55,6127.15
36.6,6114.6
36.65,6102.08
36.7,6089.59
36.75,6077.13
36.8,6064.69
36.85,6052.29
36.9,6039.91
36.95,6027.56
37,6015.25
37.05,6002.96
37.1,5990.7
37.15,5978.46
37.2,5966.26
37.25,5954.08
37.3,5941.93
37.35,5929.82
37.4,5917.72
37.45,5905.66
37.5,5893.63
37.55,5881.62
37.6,5869.64
37.65,5857.69
37.7,5845.76
37.75,5833.87
37.8,5822
37.85,5810.16
37.9,5798.35
37.95,5786.56
38,5774.8
38.05,5763.07
38.1,5751.36
38.15,5739.69
38.2,5728.04
38.25,5716.41
38.3,5704.82
38.35,5693.25
38.4,5681.7
38.45,5670.19
38.5,5658.7
38.55,5647.23
38.6,5635.8
38.65,5624.39
38.7,5613
38.75,5601.65
38.8,5590.31
38.85,5579.01
38.9,5567.73
38.95,5556.48
39,5545.25
39.05,5534.05
39.1,5522.87
39.15,5511.72
39.2,5500.6
39.25,5489.5
39.3,5478.42
39.35,5467.38
39.4,5456.35
39.45,5445.36
39.5,5434.38
39.55,5423.44
39.6,5412.52
39.65,5401.62
39.7,5390.75
39.75,5379.9
39.8,5369.08
39.85,5358.28
39.9,5347.51
39.95,5336.76
40,5326.04
40.05,5315.34
40.1,5304.67
40.15,5294.02
40.2,5283.4
40.25,5272.8
40.3,5262.22
40.35,5251.67
40.4,5241.14
40.45,5230.64
40.5,5220.16
40.55,5209.7
40.6,5199.27
40.65,5188.86
40.7,5178.48
40.75,5168.12
40.8,5157.78
40.85,5147.46
40.9,5137.17
40.95,5126.91
41,5116.67
41.05,5106.45
41.1,5096.25
41.15,5086.08
41.2,5075.93
41.25,5065.8
41.3,5055.7
41.35,5045.61
41.4,5035.56
41.45,5025.52
41.5,5015.51
41.55,5005.52
41.6,4995.55
41.65,4985.61
41.7,4975.69
41.75,4965.79
41.8,4955.91
41.85,4946.06
41.9,4936.23
41.95,4926.42
42,4916.63
42.05,4906.86
42.1,4897.12
42.15,4887.4
42.2,4877.7
42.25,4868.02
42.3,4858.37
42.35,4848.74
42.4,4839.12
42.45,4829.54
42.5,4819.97
42.55,4810.42
42.6,4800.9
42.65,4791.39
42.7,4781.91
42.75,4772.45
42.8,4763.01
42.85,4753.6
42.9,4744.2
42.95,4734.82
43,4725.47
43.05,4716.14
43.1,4706.83
43.15,4697.53
43.2,4688.26
43.25,4679.02
43.3,4669.79
43.35,4660.58
43.4,4651.39
43.45,4642.23
43.5,4633.08
43.55,4623.96
43.6,4614.85
43.65,4605.77
43.7,4596.71
43.75,4587.66
43.8,4578.64
43.85,4569.64
43.9,4560.66
43.95,4551.69
44,4542.75
44.05,4533.83
44.1,4524.93
44.15,4516.05
44.2,4507.18
44.25,4498.34
44.3,4489.52
44.35,4480.72
44.4,4471.93
44.45,4463.17
44.5,4454.43
44.55,4445.7
44.6,4437
44.65,4428.31
44.7,4419.65
44.75,4411
44.8,4402.37
44.85,4393.77
44.9,4385.18
44.95,4376.61
45,4368.06
45.05,4359.53
45.1,4351.02
45.15,4342.52
45.2,4334.05
45.25,4325.59
45.3,4317.16
45.35,4308.74
45.4,4300.34
45.45,4291.96
45.5,4283.6
45.55,4275.26
45.6,4266.93
45.65,4258.63
45.7,4250.34
45.75,4242.07
45.8,4233.82
45.85,4225.59
45.9,4217.38
45.95,4209.18
46,4201
46.05,4192.84
46.1,4184.7
46.15,4176.58
46.2,4168.47
46.25,4160.39
46.3,4152.32
46.35,4144.27
46.4,4136.23
46.45,4128.22
46.5,4120.22
46.55,4112.24
46.6,4104.28
46.65,4096.33
46.7,4088.41
46.75,4080.5
46.8,4072.6
46.85,4064.73
46.9,4056.87
46.95,4049.03
47,4041.21
47.05,4033.4
47.1,4025.62
47.15,4017.85
47.2,4010.09
47.25,4002.36
47.3,3994.64
47.35,3986.93
47.4,3979.25
47.45,3971.58
47.5,3963.93
47.55,3956.29
47.6,3948.67
47.65,3941.07
47.7,3933.49
47.75,3925.92
47.8,3918.37
47.85,3910.84
47.9,3903.32
47.95,3895.82
48,3888.33
48.05,3880.86
48.1,3873.41
48.15,3865.97
48.2,3858.56
48.25,3851.15
48.3,3843.77
48.35,3836.39
48.4,3829.04
48.45,3821.7
48.5,3814.38
48.55,3807.07
48.6,3799.78
48.65,3792.51
48.7,3785.25
48.75,3778.01
48.8,3770.78
48.85,3763.57
48.9,3756.38
48.95,3749.2
49,3742.03
49.05,3734.88
49.1,3727.75
49.15,3720.64
49.2,3713.53
49.25,3706.45
49.3,3699.38
49.35,3692.32
49.4,3685.28
49.45,3678.26
49.5,3671.25
49.55,3664.26
49.6,3657.28
49.65,3650.32
49.7,3643.37
49.75,3636.44
49.8,3629.52
49.85,3622.62
49.9,3615.73
49.95,3608.86
50,3602
50.05,3595.16
50.1,3588.33
50.15,3581.52
50.2,3574.72
50.25,3567.94
50.3,3561.17
50.35,3554.41
50.4,3547.67
50.45,3540.95
50.5,3534.24
50.55,3527.54
50.6,3520.86
50.65,3514.2
50.7,3507.54
50.75,3500.91
50.8,3494.28
50.85,3487.68
50.9,3481.08
50.95,3474.5
51,3467.93
51.05,3461.38
51.1,3454.85
51.15,3448.32
51.2,3441.81
51.25,3435.32
51.3,3428.84
51.35,3422.37
51.4,3415.92
51.45,3409.48
51.5,3403.05
51.55,3396.64
51.6,3390.24
51.65,3383.86
51.7,3377.49
51.75,3371.13
51.8,3364.79
51.85,3358.46
51.9,3352.14
51.95,3345.84
52,3339.55
52.05,3333.28
52.1,3327.02
52.15,3320.77
52.2,3314.54
52.25,3308.32
52.3,3302.11
52.35,3295.91
52.4,3289.73
52.45,3283.57
52.5,3277.41
52.55,3271.27
52.6,3265.14
52.65,3259.03
52.7,3252.93
52.75,3246.84
52.8,3240.76
52.85,3234.7
52.9,3228.65
52.95,3222.61
53,3216.59
53.05,3210.58
53.1,3204.58
53.15,3198.6
53.2,3192.62
53.25,3186.66
53.3,3180.72
53.35,3174.78
53.4,3168.86
53.45,3162.95
53.5,3157.06
53.55,3151.18
53.6,3145.3
53.65,3139.45
53.7,3133.6
53.75,3127.77
53.8,3121.95
53.85,3116.14
53.9,3110.34
53.95,3104.56
54,3098.79
54.05,3093.03
54.1,3087.28
54.15,3081.55
54.2,3075.82
54.25,3070.11
54.3,3064.42
54.35,3058.73
54.4,3053.06
54.45,3047.4
54.5,3041.75
54.55,3036.11
54.6,3030.48
54.65,3024.87
54.7,3019.27
54.75,3013.68
54.8,3008.1
54.85,3002.53
54.9,2996.98
54.95,2991.44
55,2985.91
55.05,2980.39
55.1,2974.88
55.15,2969.38
55.2,2963.9
55.25,2958.43
55.3,2952.97
55.35,2947.52
55.4,2942.08
55.45,2936.65
55.5,2931.24
55.55,2925.83
55.6,2920.44
55.65,2915.06
55.7,2909.69
55.75,2904.34
55.8,2898.99
55.85,2893.65
55.9,2888.33
55.95,2883.02
56,2877.72
56.05,2872.43
56.1,2867.15
56.15,2861.88
56.2,2856.62
56.25,2851.38
56.3,2846.14
56.35,2840.92
56.4,2835.7
56.45,2830.5
56.5,2825.31
56.55,2820.13
56.6,2814.96
56.65,2809.81
56.7,2804.66
56.75,2799.52
56.8,2794.4
56.85,2789.28
56.9,2784.18
56.95,2779.08
57,2774
57.05,2768.93
57.1,2763.87
57.15,2758.82
57.2,2753.78
57.25,2748.75
57.3,2743.73
57.35,2738.72
57.4,2733.72
57.45,2728.73
57.5,2723.76
57.55,2718.79
57.6,2713.83
57.65,2708.89
57.7,2703.95
57.75,2699.03
57.8,2694.11
57.85,2689.21
57.9,2684.31
57.95,2679.43
58,2674.55
58.05,2669.69
58.1,2664.84
58.15,2659.99
58.2,2655.16
58.25,2650.34
58.3,2645.52
58.35,2640.72
58.4,2635.93
58.45,2631.14
58.5,2626.37
58.55,2621.61
58.6,2616.85
58.65,2612.11
58.7,2607.38
58.75,2602.65
58.8,2597.94
58.85,2593.23
58.9,2588.54
58.95,2583.85
59,2579.18
59.05,2574.51
59.1,2569.86
59.15,2565.21
59.2,2560.58
59.25,2555.95
59.3,2551.33
59.35,2546.73
59.4,2542.13
59.45,2537.54
59.5,2532.96
59.55,2528.39
59.6,2523.83
59.65,2519.28
59.7,2514.74
59.75,2510.21
59.8,2505.69
59.85,2501.17
59.9,2496.67
59.95,2492.18
60,2487.69
60.05,2483.22
60.1,2478.75
60.15,2474.29
60.2,2469.85
60.25,2465.41
60.3,2460.98
60.35,2456.56
60.4,2452.15
60.45,2447.74
60.5,2443.35
60.55,2438.97
60.6,2434.59
60.65,2430.23
60.7,2425.87
60.75,2421.52
60.8,2417.18
60.85,2412.85
60.9,2408.53
60.95,2404.22
61,2399.91
61.05,2395.62
61.1,2391.33
61.15,2387.06
61.2,2382.79
61.25,2378.53
61.3,2374.28
61.35,2370.04
61.4,2365.8
61.45,2361.58
61.5,2357.36
61.55,2353.16
61.6,2348.96
61.65,2344.77
61.7,2340.59
61.75,2336.41
61.8,2332.25
61.85,2328.09
61.9,2323.95
61.95,2319.81
62,2315.68
62.05,2311.56
62.1,2307.44
62.15,2303.34
62.2,2299.24
62.25,2295.15
62.3,2291.08
62.35,2287
62.4,2282.94
62.45,2278.89
62.5,2274.84
62.55,2270.8
62.6,2266.77
62.65,2262.75
62.7,2258.74
62.75,2254.73
62.8,2250.73
62.85,2246.74
62.9,2242.76
62.95,2238.79
63,2234.83
63.05,2230.87
63.1,2226.92
63.15,2222.98
63.2,2219.05
63.25,2215.12
63.3,2211.21
63.35,2207.3
63.4,2203.4
63.45,2199.51
63.5,2195.62
63.55,2191.74
63.6,2187.88
63.65,2184.01
63.7,2180.16
63.75,2176.32
63.8,2172.48
63.85,2168.65
63.9,2164.83
63.95,2161.01
64,2157.21
64.05,2153.41
64.1,2149.62
64.15,2145.83
64.2,2142.06
64.25,2138.29
64.3,2134.53
64.35,2130.77
64.4,2127.03
64.45,2123.29
64.5,2119.56
64.55,2115.84
64.6,2112.12
64.65,2108.42
64.7,2104.72
64.75,2101.02
64.8,2097.34
64.85,2093.66
64.9,2089.99
64.95,2086.33
65,2082.67
65.05,2079.02
65.1,2075.38
65.15,2071.75
65.2,2068.12
65.25,2064.5
65.3,2060.89
65.35,2057.29
65.4,2053.69
65.45,2050.1
65.5,2046.52
65.55,2042.94
65.6,2039.37
65.65,2035.81
65.7,2032.26
65.75,2028.71
65.8,2025.17
65.85,2021.64
65.9,2018.12
65.95,2014.6
66,2011.09
66.05,2007.58
66.1,2004.08
66.15,2000.59
66.2,1997.11
66.25,1993.64
66.3,1990.17
66.35,1986.7
66.4,1983.25
66.45,1979.8
66.5,1976.36
66.55,1972.92
66.6,1969.5
66.65,1966.08
66.7,1962.66
66.75,1959.26
66.8,1955.85
66.85,1952.46
66.9,1949.07
66.95,1945.69
67,1942.32
67.05,1938.95
67.1,1935.59
67.15,1932.24
67.2,1928.9
67.25,1925.56
67.3,1922.22
67.35,1918.9
67.4,1915.58
67.45,1912.26
67.5,1908.96
67.55,1905.66
67.6,1902.36
67.65,1899.08
67.7,1895.8
67.75,1892.52
67.8,1889.26
67.85,1885.99
67.9,1882.74
67.95,1879.49
68,1876.25
68.05,1873.02
68.1,1869.79
68.15,1866.57
68.2,1863.35
68.25,1860.14
68.3,1856.94
68.35,1853.74
68.4,1850.55
68.45,1847.37
68.5,1844.19
68.55,1841.02
68.6,1837.85
68.65,1834.7
68.7,1831.54
68.75,1828.4
68.8,1825.26
68.85,1822.12
68.9,1819
68.95,1815.87
69,1812.76
69.05,1809.65
69.1,1806.55
69.15,1803.45
69.2,1800.36
69.25,1797.28
69.3,1794.2
69.35,1791.13
69.4,1788.06
69.45,1785
69.5,1781.94
69.55,1778.9
69.6,1775.85
69.65,1772.82
69.7,1769.79
69.75,1766.76
69.8,1763.75
69.85,1760.73
69.9,1757.73
69.95,1754.73
70,1751.73
70.05,1748.74
70.1,1745.76
70.15,1742.78
70.2,1739.81
70.25,1736.85
70.3,1733.89
70.35,1730.94
70.4,1727.99
70.45,1725.05
70.5,1722.11
70.55,1719.18
70.6,1716.25
70.65,1713.34
70.7,1710.42
70.75,1707.52
70.8,1704.61
70.85,1701.72
70.9,1698.83
70.95,1695.94
71,1693.06
71.05,1690.19
71.1,1687.32
71.15,1684.46
71.2,1681.6
71.25,1678.75
71.3,1675.91
71.35,1673.07
71.4,1670.23
71.45,1667.4
71.5,1664.58
71.55,1661.76
71.6,1658.95
71.65,1656.14
71.7,1653.34
71.75,1650.55
71.8,1647.76
71.85,1644.97
71.9,1642.19
71.95,1639.42
72,1636.65
72.05,1633.89
72.1,1631.13
72.15,1628.38
72.2,1625.63
72.25,1622.89
72.3,1620.15
72.35,1617.42
72.4,1614.69
72.45,1611.97
72.5,1609.26
72.55,1606.55
72.6,1603.84
72.65,1601.15
72.7,1598.45
72.75,1595.76
72.8,1593.08
72.85,1590.4
72.9,1587.73
72.95,1585.06
73,1582.4
73.05,1579.74
73.1,1577.09
73.15,1574.44
73.2,1571.8
73.25,1569.16
73.3,1566.53
73.35,1563.9
73.4,1561.28
73.45,1558.66
73.5,1556.05
73.55,1553.44
73.6,1550.84
73.65,1548.25
73.7,1545.65
73.75,1543.07
73.8,1540.49
73.85,1537.91
73.9,1535.34
73.95,1532.77
74,1530.21
74.05,1527.65
74.1,1525.1
74.15,1522.55
74.2,1520.01
74.25,1517.47
74.3,1514.94
74.35,1512.42
74.4,1509.89
74.45,1507.38
74.5,1504.86
74.55,1502.35
74.6,1499.85
74.65,1497.35
74.7,1494.86
74.75,1492.37
74.8,1489.89
74.85,1487.41
74.9,1484.93
74.95,1482.46
75,1480
75.05,1477.53
75.1,1475.07
75.15,1472.62
75.2,1470.16
75.25,1467.72
75.3,1465.27
75.35,1462.84
75.4,1460.4
75.45,1457.98
75.5,1455.55
75.55,1453.13
75.6,1450.72
75.65,1448.31
75.7,1445.91
75.75,1443.51
75.8,1441.11
75.85,1438.72
75.9,1436.33
75.95,1433.95
76,1431.58
76.05,1429.2
76.1,1426.84
76.15,1424.47
76.2,1422.11
76.25,1419.76
76.3,1417.41
76.35,1415.07
76.4,1412.73
76.45,1410.39
76.5,1408.06
76.55,1405.73
76.6,1403.41
76.65,1401.09
76.7,1398.78
76.75,1396.47
76.8,1394.17
76.85,1391.87
76.9,1389.57
76.95,1387.28
77,1384.99
77.05,1382.71
77.1,1380.43
77.15,1378.16
77.2,1375.89
77.25,1373.63
77.3,1371.36
77.35,1369.11
77.4,1366.86
77.45,1364.61
77.5,1362.37
77.55,1360.13
77.6,1357.89
77.65,1355.66
77.7,1353.44
77.75,1351.22
77.8,1349
77.85,1346.78
77.9,1344.58
77.95,1342.37
78,1340.17
78.05,1337.97
78.1,1335.78
78.15,1333.59
78.2,1331.41
78.25,1329.23
78.3,1327.06
78.35,1324.89
78.4,1322.72
78.45,1320.56
78.5,1318.4
78.55,1316.24
78.6,1314.09
78.65,1311.95
78.7,1309.8
78.75,1307.67
78.8,1305.53
78.85,1303.4
78.9,1301.28
78.95,1299.15
79,1297.04
79.05,1294.92
79.1,1292.81
79.15,1290.71
79.2,1288.6
79.25,1286.51
79.3,1284.41
79.35,1282.32
79.4,1280.24
79.45,1278.16
79.5,1276.08
79.55,1274
79.6,1271.93
79.65,1269.87
79.7,1267.81
79.75,1265.75
79.8,1263.69
79.85,1261.64
79.9,1259.6
79.95,1257.55
80,1255.51
80.05,1253.48
80.1,1251.45
80.15,1249.42
80.2,1247.4
80.25,1245.38
80.3,1243.36
80.35,1241.35
80.4,1239.34
80.45,1237.34
80.5,1235.34
80.55,1233.34
80.6,1231.35
80.65,1229.36
80.7,1227.37
80.75,1225.39
80.8,1223.41
80.85,1221.44
80.9,1219.47
80.95,1217.5
81,1215.54
81.05,1213.58
81.1,1211.62
81.15,1209.67
81.2,1207.72
81.25,1205.78
81.3,1203.84
81.35,1201.9
81.4,1199.97
81.45,1198.04
81.5,1196.11
81.55,1194.19
81.6,1192.27
81.65,1190.35
81.7,1188.44
81.75,1186.53
81.8,1184.63
81.85,1182.73
81.9,1180.83
81.95,1178.94
82,1177.04
82.05,1175.16
82.1,1173.27
82.15,1171.39
82.2,1169.52
82.25,1167.65
82.3,1165.78
82.35,1163.91
82.4,1162.05
82.45,1160.19
82.5,1158.33
82.55,1156.48
82.6,1154.63
82.65,1152.79
82.7,1150.95
82.75,1149.11
82.8,1147.27
82.85,1145.44
82.9,1143.61
82.95,1141.79
83,1139.97
83.05,1138.15
83.1,1136.34
83.15,1134.53
83.2,1132.72
83.25,1130.92
83.3,1129.11
83.35,1127.32
83.4,1125.52
83.45,1123.73
83.5,1121.95
83.55,1120.16
83.6,1118.38
83.65,1116.6
83.7,1114.83
83.75,1113.06
83.8,1111.29
83.85,1109.53
83.9,1107.77
83.95,1106.01
84,1104.25
84.05,1102.5
84.1,1100.75
84.15,1099.01
84.2,1097.27
84.25,1095.53
84.3,1093.8
84.35,1092.06
84.4,1090.34
84.45,1088.61
84.5,1086.89
84.55,1085.17
84.6,1083.45
84.65,1081.74
84.7,1080.03
84.75,1078.32
84.8,1076.62
84.85,1074.92
84.9,1073.23
84.95,1071.53
85,1069.84
85.05,1068.15
85.1,1066.47
85.15,1064.79
85.2,1063.11
85.25,1061.43
85.3,1059.76
85.35,1058.09
85.4,1056.43
85.45,1054.77
85.5,1053.11
85.55,1051.45
85.6,1049.8
85.65,1048.15
85.7,1046.5
85.75,1044.85
85.8,1043.21
85.85,1041.57
85.9,1039.94
85.95,1038.31
86,1036.68
86.05,1035.05
86.1,1033.43
86.15,1031.81
86.2,1030.19
86.25,1028.58
86.3,1026.96
86.35,1025.36
86.4,1023.75
86.45,1022.15
86.5,1020.55
86.55,1018.95
86.6,1017.36
86.65,1015.77
86.7,1014.18
86.75,1012.59
86.8,1011.01
86.85,1009.43
86.9,1007.86
86.95,1006.28
87,1004.71
87.05,1003.14
87.1,1001.58
87.15,1000.02
87.2,998.46
87.25,996.9
87.3,995.35
87.35,993.8
87.4,992.25
87.45,990.7
87.5,989.16
87.55,987.62
87.6,986.09
87.65,984.55
87.7,983.02
87.75,981.49
87.8,979.97
87.85,978.45
87.9,976.93
87.95,975.41
88,973.89
88.05,972.38
88.1,970.87
88.15,969.37
88.2,967.87
88.25,966.36
88.3,964.87
88.35,963.37
88.4,961.88
88.45,960.39
88.5,958.9
88.55,957.42
88.6,955.94
88.65,954.46
88.7,952.98
88.75,951.51
88.8,950.04
88.85,948.57
88.9,947.1
88.95,945.64
89,944.18
89.05,942.72
89.1,941.27
89.15,939.82
89.2,938.37
89.25,936.92
89.3,935.47
89.35,934.03
89.4,932.59
89.45,931.16
89.5,929.72
89.55,928.29
89.6,926.86
89.65,925.44
89.7,924.01
89.75,922.59
89.8,921.17
89.85,919.76
89.9,918.34
89.95,916.93
90,915.52
90.05,914.12
90.1,912.71
90.15,911.31
90.2,909.91
90.25,908.52
90.3,907.13
90.35,905.73
90.4,904.35
90.45,902.96
90.5,901.58
90.55,900.2
90.6,898.82
90.65,897.44
90.7,896.07
90.75,894.7
90.8,893.33
90.85,891.96
90.9,890.6
90.95,889.24
91,887.88
91.05,886.52
91.1,885.17
91.15,883.82
91.2,882.47
91.25,881.12
91.3,879.78
91.35,878.44
91.4,877.1
91.45,875.76
91.5,874.43
91.55,873.09
91.6,871.76
91.65,870.44
91.7,869.11
91.75,867.79
91.8,866.47
91.85,865.15
91.9,863.84
91.95,862.52
92,861.21
92.05,859.9
92.1,858.6
92.15,857.29
92.2,855.99
92.25,854.69
92.3,853.4
92.35,852.1
92.4,850.81
92.45,849.52
92.5,848.23
92.55,846.95
92.6,845.66
92.65,844.38
92.7,843.1
92.75,841.83
92.8,840.55
92.85,839.28
92.9,838.01
92.95,836.74
93,835.48
93.05,834.22
93.1,832.95
93.15,831.7
93.2,830.44
93.25,829.19
93.3,827.93
93.35,826.69
93.4,825.44
93.45,824.19
93.5,822.95
93.55,821.71
93.6,820.47
93.65,819.24
93.7,818
93.75,816.77
93.8,815.54
93.85,814.31
93.9,813.09
93.95,811.86
94,810.64
94.05,809.42
94.1,808.21
94.15,806.99
94.2,805.78
94.25,804.57
94.3,803.36
94.35,802.16
94.4,800.95
94.45,799.75
94.5,798.55
94.55,797.35
94.6,796.16
94.65,794.96
94.7,793.77
94.75,792.58
94.8,791.4
94.85,790.21
94.9,789.03
94.95,787.85
95,786.67
95.05,785.49
95.1,784.32
95.15,783.15
95.2,781.98
95.25,780.81
95.3,779.64
95.35,778.48
95.4,777.31
95.45,776.15
95.5,775
95.55,773.84
95.6,772.69
95.65,771.53
95.7,770.38
95.75,769.23
95.8,768.09
95.85,766.94
95.9,765.8
95.95,764.66
96,763.52
96.05,762.39
96.1,761.25
96.15,760.12
96.2,758.99
96.25,757.86
96.3,756.74
96.35,755.61
96.4,754.49
96.45,753.37
96.5,752.25
96.55,751.14
96.6,750.02
96.65,748.91
96.7,747.8
96.75,746.69
96.8,745.58
96.85,744.48
96.9,743.38
96.95,742.27
97,741.18
97.05,740.08
97.1,738.98
97.15,737.89
97.2,736.8
97.25,735.71
97.3,734.62
97.35,733.54
97.4,732.45
97.45,731.37
97.5,730.29
97.55,729.21
97.6,728.14
97.65,727.06
97.7,725.99
97.75,724.92
97.8,723.85
97.85,722.78
97.9,721.72
97.95,720.65
98,719.59
98.05,718.53
98.1,717.47
98.15,716.42
98.2,715.36
98.25,714.31
98.3,713.26
98.35,712.21
98.4,711.17
98.45,710.12
98.5,709.08
98.55,708.04
98.6,707
98.65,705.96
98.7,704.92
98.75,703.89
98.8,702.85
98.85,701.82
98.9,700.79
98.95,699.77
99,698.74
99.05,697.72
99.1,696.7
99.15,695.68
99.2,694.66
99.25,693.64
99.3,692.63
99.35,691.61
99.4,690.6
99.45,689.59
99.5,688.58
99.55,687.58
99.6,686.57
99.65,685.57
99.7,684.57
99.75,683.57
99.8,682.57
99.85,681.58
99.9,680.58
99.95,679.59
100,678.6
100.05,677.61
100.1,676.62
100.15,675.64
100.2,674.65
100.25,673.67
100.3,672.69
100.35,671.71
100.4,670.73
100.45,669.76
100.5,668.79
100.55,667.81
100.6,666.84
100.65,665.87
100.7,664.91
100.75,663.94
100.8,662.98
100.85,662.01
100.9,661.05
100.95,660.09
101,659.14
101.05,658.18
101.1,657.23
101.15,656.27
101.2,655.32
101.25,654.37
101.3,653.43
101.35,652.48
101.4,651.54
101.45,650.59
101.5,649.65
101.55,648.71
101.6,647.77
101.65,646.84
101.7,645.9
101.75,644.97
101.8,644.04
101.85,643.11
101.9,642.18
101.95,641.25
102,640.33
102.05,639.4
102.1,638.48
102.15,637.56
102.2,636.64
102.25,635.72
102.3,634.81
102.35,633.89
102.4,632.98
102.45,632.07
102.5,631.16
102.55,630.25
102.6,629.35
102.65,628.44
102.7,627.54
102.75,626.63
102.8,625.73
102.85,624.83
102.9,623.94
102.95,623.04
103,622.15
103.05,621.25
103.1,620.36
103.15,619.47
103.2,618.58
103.25,617.7
103.3,616.81
103.35,615.93
103.4,615.05
103.45,614.16
103.5,613.28
103.55,612.41
103.6,611.53
103.65,610.66
103.7,609.78
103.75,608.91
103.8,608.04
103.85,607.17
103.9,606.3
103.95,605.44
104,604.57
104.05,603.71
104.1,602.85
104.15,601.98
104.2,601.13
104.25,600.27
104.3,599.41
104.35,598.56
104.4,597.7
104.45,596.85
104.5,596
104.55,595.15
104.6,594.31
104.65,593.46
104.7,592.61
104.75,591.77
104.8,590.93
104.85,590.09
104.9,589.25
104.95,588.41
105,587.58
105.05,586.74
105.1,585.91
105.15,585.08
105.2,584.25
105.25,583.42
105.3,582.59
105.35,581.76
105.4,580.94
105.45,580.11
105.5,579.29
105.55,578.47
105.6,577.65
105.65,576.83
105.7,576.01
105.75,575.2
105.8,574.38
105.85,573.57
105.9,572.76
105.95,571.95
106,571.14
106.05,570.33
106.1,569.53
106.15,568.72
106.2,567.92
106.25,567.12
106.3,566.32
106.35,565.52
106.4,564.72
106.45,563.92
106.5,563.13
106.55,562.33
106.6,561.54
106.65,560.75
106.7,559.96
106.75,559.17
106.8,558.38
106.85,557.6
106.9,556.81
106.95,556.03
107,555.25
107.05,554.47
107.1,553.69
107.15,552.91
107.2,552.13
107.25,551.35
107.3,550.58
107.35,549.81
107.4,549.03
107.45,548.26
107.5,547.49
107.55,546.73
107.6,545.96
107.65,545.19
107.7,544.43
107.75,543.67
107.8,542.9
107.85,542.14
107.9,541.38
107.95,540.63
108,539.87
108.05,539.11
108.1,538.36
108.15,537.61
108.2,536.85
108.25,536.1
108.3,535.35
108.35,534.61
108.4,533.86
108.45,533.11
108.5,532.37
108.55,531.63
108.6,530.88
108.65,530.14
108.7,529.4
108.75,528.67
108.8,527.93
108.85,527.19
108.9,526.46
108.95,525.72
109,524.99
109.05,524.26
109.1,523.53
109.15,522.8
109.2,522.08
109.25,521.35
109.3,520.62
109.35,519.9
109.4,519.18
109.45,518.46
109.5,517.74
109.55,517.02
109.6,516.3
109.65,515.58
109.7,514.87
109.75,514.15
109.8,513.44
109.85,512.73
109.9,512.01
109.95,511.31
110,510.6
110.05,509.89
110.1,509.18
110.15,508.48
110.2,507.77
110.25,507.07
110.3,506.37
110.35,505.67
110.4,504.97
110.45,504.27
110.5,503.57
110.55,502.88
110.6,502.18
110.65,501.49
110.7,500.8
110.75,500.1
110.8,499.41
110.85,498.73
110.9,498.04
110.95,497.35
111,496.66
111.05,495.98
111.1,495.3
111.15,494.61
111.2,493.93
111.25,493.25
111.3,492.57
111.35,491.89
111.4,491.22
111.45,490.54
111.5,489.87
111.55,489.19
111.6,488.52
111.65,487.85
111.7,487.18
111.75,486.51
111.8,485.84
111.85,485.17
111.9,484.51
111.95,483.84
112,483.18
112.05,482.52
112.1,481.85
112.15,481.19
112.2,480.53
112.25,479.87
112.3,479.22
112.35,478.56
112.4,477.9
112.45,477.25
112.5,476.6
112.55,475.94
112.6,475.29
112.65,474.64
112.7,473.99
112.75,473.35
112.8,472.7
112.85,472.05
112.9,471.41
112.95,470.76
113,470.12
113.05,469.48
113.1,468.84
113.15,468.2
113.2,467.56
113.25,466.92
113.3,466.29
113.35,465.65
113.4,465.02
113.45,464.38
113.5,463.75
113.55,463.12
113.6,462.49
113.65,461.86
113.7,461.23
113.75,460.6
113.8,459.98
113.85,459.35
113.9,458.73
113.95,458.1
114,457.48
114.05,456.86
114.1,456.24
114.15,455.62
114.2,455
114.25,454.38
114.3,453.77
114.35,453.15
114.4,452.54
114.45,451.92
114.5,451.31
114.55,450.7
114.6,450.09
114.65,449.48
114.7,448.87
114.75,448.26
114.8,447.66
114.85,447.05
114.9,446.45
114.95,445.84
115,445.24
115.05,444.64
115.1,444.04
115.15,443.44
115.2,442.84
115.25,442.24
115.3,441.64
115.35,441.05
115.4,440.45
115.45,439.86
115.5,439.26
115.55,438.67
115.6,438.08
115.65,437.49
115.7,436.9
115.75,436.31
115.8,435.72
115.85,435.14
115.9,434.55
115.95,433.97
116,433.38
116.05,432.8
116.1,432.22
116.15,431.64
116.2,431.06
116.25,430.48
116.3,429.9
116.35,429.32
116.4,428.74
116.45,428.17
116.5,427.59
116.55,427.02
116.6,426.45
116.65,425.88
116.7,425.3
116.75,424.73
116.8,424.17
116.85,423.6
116.9,423.03
116.95,422.46
117,421.9
117.05,421.33
117.1,420.77
117.15,420.21
117.2,419.64
117.25,419.08
117.3,418.52
117.35,417.96
117.4,417.4
117.45,416.85
117.5,416.29
117.55,415.73
117.6,415.18
117.65,414.62
117.7,414.07
117.75,413.52
117.8,412.97
117.85,412.42
117.9,411.87
117.95,411.32
118,410.77
118.05,410.22
118.1,409.68
118.15,409.13
118.2,408.59
118.25,408.04
118.3,407.5
118.35,406.96
118.4,406.42
118.45,405.88
118.5,405.34
118.55,404.8
118.6,404.26
118.65,403.72
118.7,403.19
118.75,402.65
118.8,402.12
118.85,401.58
118.9,401.05
118.95,400.52
119,399.99
119.05,399.46
119.1,398.93
119.15,398.4
119.2,397.87
119.25,397.35
119.3,396.82
119.35,396.29
119.4,395.77
119.45,395.25
119.5,394.72
119.55,394.2
119.6,393.68
119.65,393.16
119.7,392.64
119.75,392.12
119.8,391.6
119.85,391.09
119.9,390.57
119.95,390.05
120,389.54
120.05,389.03
120.1,388.51
120.15,388
120.2,387.49
120.25,386.98
120.3,386.47
120.35,385.96
120.4,385.45
120.45,384.94
120.5,384.44
120.55,383.93
120.6,383.43
120.65,382.92
120.7,382.42
120.75,381.91
120.8,381.41
120.85,380.91
120.9,380.41
120.95,379.91
121,379.41
121.05,378.91
121.1,378.42
121.15,377.92
121.2,377.42
121.25,376.93
121.3,376.44
121.35,375.94
121.4,375.45
121.45,374.96
121.5,374.47
121.55,373.98
121.6,373.49
121.65,373
121.7,372.51
121.75,372.02
121.8,371.53
121.85,371.05
121.9,370.56
121.95,370.08
122,369.6
122.05,369.11
122.1,368.63
122.15,368.15
122.2,367.67
122.25,367.19
122.3,366.71
122.35,366.23
122.4,365.75
122.45,365.28
122.5,364.8
122.55,364.32
122.6,363.85
122.65,363.38
122.7,362.9
122.75,362.43
122.8,361.96
122.85,361.49
122.9,361.02
122.95,360.55
123,360.08
123.05,359.61
123.1,359.14
123.15,358.68
123.2,358.21
123.25,357.74
123.3,357.28
123.35,356.82
123.4,356.35
123.45,355.89
123.5,355.43
123.55,354.97
123.6,354.51
123.65,354.05
123.7,353.59
123.75,353.13
123.8,352.67
123.85,352.22
123.9,351.76
123.95,351.3
124,350.85
124.05,350.4
124.1,349.94
124.15,349.49
124.2,349.04
124.25,348.59
124.3,348.14
124.35,347.69
124.4,347.24
124.45,346.79
124.5,346.34
124.55,345.89
124.6,345.45
124.65,345
124.7,344.56
124.75,344.11
124.8,343.67
124.85,343.23
124.9,342.78
124.95,342.34
125,341.9
125.05,341.46
125.1,341.02
125.15,340.58
125.2,340.14
125.25,339.71
125.3,339.27
125.35,338.83
125.4,338.4
125.45,337.96
125.5,337.53
125.55,337.09
125.6,336.66
125.65,336.23
125.7,335.8
125.75,335.36
125.8,334.93
125.85,334.5
125.9,334.08
125.95,333.65
126,333.22
126.05,332.79
126.1,332.37
126.15,331.94
126.2,331.52
126.25,331.09
126.3,330.67
126.35,330.24
126.4,329.82
126.45,329.4
126.5,328.98
126.55,328.56
126.6,328.14
126.65,327.72
126.7,327.3
126.75,326.88
126.8,326.46
126.85,326.05
126.9,325.63
126.95,325.21
127,324.8
127.05,324.39
127.1,323.97
127.15,323.56
127.2,323.15
127.25,322.73
127.3,322.32
127.35,321.91
127.4,321.5
127.45,321.09
127.5,320.68
127.55,320.28
127.6,319.87
127.65,319.46
127.7,319.06
127.75,318.65
127.8,318.24
127.85,317.84
127.9,317.44
127.95,317.03
128,316.63
128.05,316.23
128.1,315.83
128.15,315.43
128.2,315.03
128.25,314.63
128.3,314.23
128.35,313.83
128.4,313.43
128.45,313.03
128.5,312.64
128.55,312.24
128.6,311.85
128.65,311.45
128.7,311.06
128.75,310.66
128.8,310.27
128.85,309.88
128.9,309.49
128.95,309.09
129,308.7
129.05,308.31
129.1,307.92
129.15,307.54
129.2,307.15
129.25,306.76
129.3,306.37
129.35,305.99
129.4,305.6
129.45,305.21
129.5,304.83
129.55,304.44
129.6,304.06
129.65,303.68
129.7,303.3
129.75,302.91
129.8,302.53
129.85,302.15
129.9,301.77
129.95,301.39
130,301.01
130.05,300.63
130.1,300.26
130.15,299.88
130.2,299.5
130.25,299.12
130.3,298.75
130.35,298.37
130.4,298
130.45,297.62
130.5,297.25
130.55,296.88
130.6,296.51
130.65,296.13
130.7,295.76
130.75,295.39
130.8,295.02
130.85,294.65
130.9,294.28
130.95,293.91
131,293.55
131.05,293.18
131.1,292.81
131.15,292.45
131.2,292.08
131.25,291.71
131.3,291.35
131.35,290.99
131.4,290.62
131.45,290.26
131.5,289.9
131.55,289.53
131.6,289.17
131.65,288.81
131.7,288.45
131.75,288.09
131.8,287.73
131.85,287.37
131.9,287.01
131.95,286.66
132,286.3
132.05,285.94
132.1,285.59
132.15,285.23
132.2,284.88
132.25,284.52
132.3,284.17
132.35,283.81
132.4,283.46
132.45,283.11
132.5,282.76
132.55,282.4
132.6,282.05
132.65,281.7
132.7,281.35
132.75,281
132.8,280.65
132.85,280.31
132.9,279.96
132.95,279.61
133,279.26
133.05,278.92
133.1,278.57
133.15,278.23
133.2,277.88
133.25,277.54
133.3,277.19
133.35,276.85
133.4,276.51
133.45,276.17
133.5,275.82
133.55,275.48
133.6,275.14
133.65,274.8
133.7,274.46
133.75,274.12
133.8,273.78
133.85,273.45
133.9,273.11
133.95,272.77
134,272.43
134.05,272.1
134.1,271.76
134.15,271.43
134.2,271.09
134.25,270.76
134.3,270.42
134.35,270.09
134.4,269.76
134.45,269.42
134.5,269.09
134.55,268.76
134.6,268.43
134.65,268.1
134.7,267.77
134.75,267.44
134.8,267.11
134.85,266.78
134.9,266.45
134.95,266.13
135,265.8
